{"lowlevel.dissonance.mean": [0.4319561719894409], "sfx.inharmonicity.mean": [0.3878375291824341], "lowlevel.spectral_contrast.mean": [[0.1804126501083374, 0.9378281831741333, 1.0203512907028198, 0.7960958480834961, 0.45532965660095215, 0.4817187786102295]], "lowlevel.spectral_centroid.mean": [0.4077449142932892], "lowlevel.mfcc.mean": [[0.335038423538208, 0.4601743221282959, -0.024257689714431763, -0.17843341827392578, 0.24500925838947296, 0.3263222575187683, 0.24172282218933105, -0.0510098934173584, 0.1380443274974823, 0.2007504105567932, 0.30900341272354126, 0.633169412612915, 0.8416381478309631]], "sfx.logattacktime.mean": [0.44297680258750916], "lowlevel.hfc.mean": [0.46568894386291504]}