{"lowlevel.dissonance.mean": [0.34944117069244385], "sfx.inharmonicity.mean": [0.5256811380386353], "lowlevel.spectral_contrast.mean": [[0.17563104629516602, 0.21986472606658936, 1.2023500204086304, 0.9389103651046753, 0.6122698783874512, 0.5210533142089844]], "lowlevel.spectral_centroid.mean": [0.4165269732475281], "lowlevel.mfcc.mean": [[0.27096354961395264, 0.26276159286499023, -0.0972466766834259, -0.011777132749557495, 0.26392412185668945, 0.4234037697315216, 0.6447131633758545, 0.8666478395462036, 1.2785933017730713, 1.013317584991455, 0.38788682222366333, -0.47657328844070435, -0.7282636165618896]], "sfx.logattacktime.mean": [0.3466382920742035], "lowlevel.hfc.mean": [0.4661531448364258]}