{"lowlevel.dissonance.mean": [0.13840138912200928], "sfx.inharmonicity.mean": [0.6349811553955078], "lowlevel.spectral_contrast.mean": [[0.1705029010772705, 0.2544339895248413, 1.2048770189285278, 0.9147318601608276, 0.39935827255249023, 0.4708974361419678]], "lowlevel.spectral_centroid.mean": [0.39474135637283325], "lowlevel.mfcc.mean": [[0.24809420108795166, 0.3106640577316284, -0.01191335916519165, -0.09983661770820618, 0.2468888759613037, 0.346699982881546, 0.5094284415245056, 0.6451616287231445, 1.1833393573760986, 1.216531753540039, 0.8155799508094788, 0.32314568758010864, -0.5017809867858887]], "sfx.logattacktime.mean": [0.32821422815322876], "lowlevel.hfc.mean": [0.46594926714897156]}