{"lowlevel.dissonance.mean": [0.24493885040283203], "sfx.inharmonicity.mean": [0.5265680551528931], "lowlevel.spectral_contrast.mean": [[0.14690518379211426, 1.0655021667480469, 0.9361817836761475, 0.7905091047286987, 0.4706711769104004, 0.4315791130065918]], "lowlevel.spectral_centroid.mean": [0.40495920181274414], "lowlevel.mfcc.mean": [[0.22238004207611084, 0.34412527084350586, 0.10807853937149048, -0.1026875376701355, 0.283908873796463, 0.2570481300354004, 0.23905283212661743, 0.35433512926101685, 0.7026037573814392, 1.0068778991699219, 1.2394256591796875, 1.2193634510040283, 0.8365634679794312]], "sfx.logattacktime.mean": [0.3375895321369171], "lowlevel.hfc.mean": [0.4657432734966278]}