{"lowlevel.dissonance.mean": [0.30879008769989014], "sfx.inharmonicity.mean": [0.38701701164245605], "lowlevel.spectral_contrast.mean": [[0.337557315826416, 0.9950525760650635, 0.8716994524002075, 0.8476736545562744, 0.388080358505249, 0.4753389358520508]], "lowlevel.spectral_centroid.mean": [0.3970656394958496], "lowlevel.mfcc.mean": [[0.32168543338775635, 0.5080680847167969, 0.08885985612869263, -0.24115991592407227, 0.1557280719280243, 0.31381458044052124, 0.26795274019241333, -0.00990968942642212, 0.0861855149269104, 0.16993284225463867, 0.27724847197532654, 0.3234398663043976, 0.28834038972854614]], "sfx.logattacktime.mean": [0.4663363993167877], "lowlevel.hfc.mean": [0.4654258191585541]}