{"lowlevel.dissonance.mean": [0.19156670570373535], "sfx.inharmonicity.mean": [0.47929248213768005], "lowlevel.spectral_contrast.mean": [[0.16288363933563232, 0.21015822887420654, 1.198893427848816, 0.9006825685501099, 0.549860954284668, 0.4491112232208252]], "lowlevel.spectral_centroid.mean": [0.39981478452682495], "lowlevel.mfcc.mean": [[0.21738338470458984, 0.2988642752170563, 0.03404653072357178, -0.08673021197319031, 0.33362072706222534, 0.38586828112602234, 0.638741672039032, 0.7557381391525269, 0.9128856658935547, 1.1290547847747803, 0.9123197197914124, 0.003148317337036133, -0.6794637441635132]], "sfx.logattacktime.mean": [0.312117338180542], "lowlevel.hfc.mean": [0.46582987904548645]}