{"lowlevel.dissonance.mean": [0.29591405391693115], "sfx.inharmonicity.mean": [0.29717594385147095], "lowlevel.spectral_contrast.mean": [[0.73952716588974, 0.8298366069793701, 0.8468894958496094, 0.5962026119232178, 0.3412787914276123, 0.46674537658691406]], "lowlevel.spectral_centroid.mean": [0.38192611932754517], "lowlevel.mfcc.mean": [[0.2890150547027588, 0.53764808177948, 0.2809833288192749, -0.16334182024002075, 0.0985541045665741, 0.2636350691318512, 0.3129996657371521, 0.12040221691131592, 0.06697255373001099, -0.005036681890487671, 0.017096906900405884, 0.10762211680412292, 0.2671665847301483]], "sfx.logattacktime.mean": [0.4115975499153137], "lowlevel.hfc.mean": [0.46520403027534485]}