{"lowlevel.dissonance.mean": [0.26954007148742676], "sfx.inharmonicity.mean": [0.32943448424339294], "lowlevel.spectral_contrast.mean": [[0.8512295484542847, 0.8682423830032349, 0.9191310405731201, 0.8050700426101685, 0.398252010345459, 0.5116634368896484]], "lowlevel.spectral_centroid.mean": [0.380912184715271], "lowlevel.mfcc.mean": [[0.34038209915161133, 0.5886151194572449, 0.19193273782730103, -0.23875558376312256, 0.06424391269683838, 0.1880994439125061, 0.22795432806015015, 0.08671906590461731, 0.14885160326957703, 0.10275906324386597, 0.16360563039779663, 0.2682112753391266, 0.14506620168685913]], "sfx.logattacktime.mean": [0.49860483407974243], "lowlevel.hfc.mean": [0.46529796719551086]}