{"lowlevel.dissonance.mean": [0.4085623025894165], "sfx.inharmonicity.mean": [0.5789514183998108], "lowlevel.spectral_contrast.mean": [[0.16951990127563477, 0.2119654417037964, 1.3182123899459839, 0.9151840209960938, 0.5513336658477783, 0.47090840339660645]], "lowlevel.spectral_centroid.mean": [0.4133295714855194], "lowlevel.mfcc.mean": [[0.26195454597473145, 0.26955026388168335, -0.12237390875816345, -0.06683304905891418, 0.3314245641231537, 0.5011911988258362, 0.8924806118011475, 1.032321810722351, 1.1748085021972656, 0.5916360020637512, -0.3526790738105774, -0.6793508529663086, 0.018375813961029053]], "sfx.logattacktime.mean": [0.3112570643424988], "lowlevel.hfc.mean": [0.46728530526161194]}