{"lowlevel.dissonance.mean": [0.31175267696380615], "sfx.inharmonicity.mean": [0.4809704124927521], "lowlevel.spectral_contrast.mean": [[0.6159368753433228, 0.8735620975494385, 0.6967712640762329, 0.5629124641418457, 0.3041820526123047, 0.46437907218933105]], "lowlevel.spectral_centroid.mean": [0.3998301923274994], "lowlevel.mfcc.mean": [[0.2578517198562622, 0.48646125197410583, 0.30366188287734985, -0.09990182518959045, 0.1174120306968689, 0.2545601725578308, 0.2837940454483032, 0.0866604745388031, 0.1019321084022522, 0.1548018455505371, 0.27062392234802246, 0.2842094600200653, 0.21273651719093323]], "sfx.logattacktime.mean": [0.4279421269893646], "lowlevel.hfc.mean": [0.4652003347873688]}