{"lowlevel.dissonance.mean": [0.3488607406616211], "sfx.inharmonicity.mean": [0.4630311131477356], "lowlevel.spectral_contrast.mean": [[0.1636725664138794, 0.2161940336227417, 1.1704602241516113, 0.9911773204803467, 0.6076993942260742, 0.4540102481842041]], "lowlevel.spectral_centroid.mean": [0.42252039909362793], "lowlevel.mfcc.mean": [[0.23402154445648193, 0.2582959234714508, -0.05045250058174133, 0.0069550275802612305, 0.39054685831069946, 0.46334943175315857, 0.7620409727096558, 0.7894307374954224, 1.002097249031067, 0.8824446201324463, 0.29108303785324097, -0.39070314168930054, -0.603579044342041]], "sfx.logattacktime.mean": [0.32983753085136414], "lowlevel.hfc.mean": [0.46607357263565063]}