{"lowlevel.dissonance.mean": [0.36346936225891113], "sfx.inharmonicity.mean": [1.3528869152069092], "lowlevel.spectral_contrast.mean": [[0.1932762861251831, 0.8602173328399658, 0.9998494386672974, 0.9051008224487305, 0.43193483352661133, 0.45572781562805176]], "lowlevel.spectral_centroid.mean": [0.41216960549354553], "lowlevel.mfcc.mean": [[0.33758556842803955, 0.5235680341720581, 0.031194716691970825, -0.2976148724555969, 0.2113194763660431, 0.3174757957458496, 0.2347296178340912, 0.03212559223175049, 0.05349662899971008, 0.048975467681884766, 0.2363477647304535, 0.48484957218170166, 0.5941224694252014]], "sfx.logattacktime.mean": [0.43996626138687134], "lowlevel.hfc.mean": [0.46568337082862854]}