{"lowlevel.dissonance.mean": [0.27695536613464355], "sfx.inharmonicity.mean": [0.4114465117454529], "lowlevel.spectral_contrast.mean": [[0.1549466848373413, 1.0191866159439087, 0.9252097606658936, 0.9717315435409546, 0.4340546131134033, 0.48342227935791016]], "lowlevel.spectral_centroid.mean": [0.3997304439544678], "lowlevel.mfcc.mean": [[0.30117928981781006, 0.45435965061187744, 0.050325095653533936, -0.2286461591720581, 0.14585000276565552, 0.2751151919364929, 0.34430062770843506, 0.07874423265457153, 0.03429245948791504, 0.1660594642162323, 0.5699265599250793, 0.9147681593894958, 0.9382861256599426]], "sfx.logattacktime.mean": [0.4794510304927826], "lowlevel.hfc.mean": [0.465497225522995]}