{"lowlevel.dissonance.mean": [0.267055869102478], "sfx.inharmonicity.mean": [0.4773953855037689], "lowlevel.spectral_contrast.mean": [[0.6706424951553345, 0.8641451597213745, 0.8355714082717896, 0.7839468717575073, 0.5046052932739258, 0.4835186004638672]], "lowlevel.spectral_centroid.mean": [0.40694451332092285], "lowlevel.mfcc.mean": [[0.3931300640106201, 0.6514267921447754, 0.14313867688179016, -0.1592351198196411, 0.2626175284385681, 0.18213164806365967, 0.1363871991634369, 0.07539030909538269, 0.12040260434150696, 0.057694852352142334, 0.13804051280021667, 0.24744181334972382, 0.1493242383003235]], "sfx.logattacktime.mean": [0.5635510683059692], "lowlevel.hfc.mean": [0.46540218591690063]}