{"lowlevel.dissonance.mean": [0.5111926794052124], "sfx.inharmonicity.mean": [0.5190578699111938], "lowlevel.spectral_contrast.mean": [[0.13763320446014404, 0.19295668601989746, 1.2663251161575317, 0.9967597723007202, 0.5971007347106934, 0.46139097213745117]], "lowlevel.spectral_centroid.mean": [0.42234450578689575], "lowlevel.mfcc.mean": [[0.24074959754943848, 0.23460428416728973, -0.09525623917579651, 0.05806228518486023, 0.48064160346984863, 0.5162721276283264, 0.8191668391227722, 0.9458481669425964, 0.9318003058433533, 0.44846948981285095, -0.288718044757843, -0.5533854961395264, 0.5154491662979126]], "sfx.logattacktime.mean": [0.28604546189308167], "lowlevel.hfc.mean": [0.4681820571422577]}