{"lowlevel.dissonance.mean": [0.18633794784545898], "sfx.inharmonicity.mean": [0.3860958218574524], "lowlevel.spectral_contrast.mean": [[0.8078368306159973, 0.943955659866333, 1.030991554260254, 0.779229998588562, 0.4205029010772705, 0.5353608131408691]], "lowlevel.spectral_centroid.mean": [0.387734055519104], "lowlevel.mfcc.mean": [[0.42212581634521484, 0.6841522455215454, 0.16583505272865295, -0.1962377429008484, -0.0009773671627044678, 0.15011382102966309, 0.27377742528915405, 0.026501953601837158, 0.07763984799385071, 0.04872432351112366, 0.22907578945159912, 0.3268826901912689, 0.052787601947784424]], "sfx.logattacktime.mean": [0.3816514015197754], "lowlevel.hfc.mean": [0.4656319320201874]}