{"lowlevel.dissonance.mean": [0.3945349454879761], "sfx.inharmonicity.mean": [0.6278021335601807], "lowlevel.spectral_contrast.mean": [[0.6123806238174438, 0.8400815725326538, 0.8900803327560425, 0.9502999782562256, 0.7970483303070068, 0.6451778411865234]], "lowlevel.spectral_centroid.mean": [0.4801338315010071], "lowlevel.mfcc.mean": [[0.4505380392074585, 0.5171868205070496, -0.08404317498207092, 0.1538224220275879, 0.270455539226532, 0.13338711857795715, 0.23048776388168335, 0.18232575058937073, 0.1829598844051361, 0.014172136783599854, 0.3616766929626465, 0.2345486879348755, 0.09962046146392822]], "sfx.logattacktime.mean": [0.4963068664073944], "lowlevel.hfc.mean": [0.4665655493736267]}