{"lowlevel.dissonance.mean": [0.14824020862579346], "sfx.inharmonicity.mean": [0.2713458240032196], "lowlevel.spectral_contrast.mean": [[0.7770796418190002, 0.9950176477432251, 0.675551176071167, 0.5657837390899658, 0.33028125762939453, 0.522428035736084]], "lowlevel.spectral_centroid.mean": [0.362148642539978], "lowlevel.mfcc.mean": [[0.3544703722000122, 0.6225805282592773, 0.346896231174469, 0.04713091254234314, 0.04418829083442688, 0.06661644577980042, 0.2254261076450348, 0.05241501331329346, 0.06228840351104736, -0.0450139045715332, 0.11254385113716125, 0.31406286358833313, 0.17334800958633423]], "sfx.logattacktime.mean": [0.6776396036148071], "lowlevel.hfc.mean": [0.46516847610473633]}