{"lowlevel.dissonance.mean": [0.286737322807312], "sfx.inharmonicity.mean": [0.3979324698448181], "lowlevel.spectral_contrast.mean": [[0.1555424928665161, 1.0485174655914307, 1.0579612255096436, 0.984402060508728, 0.483095645904541, 0.4884791374206543]], "lowlevel.spectral_centroid.mean": [0.40763232111930847], "lowlevel.mfcc.mean": [[0.2854427099227905, 0.3938550651073456, -0.01599574089050293, -0.19678831100463867, 0.24218010902404785, 0.36434364318847656, 0.43175777792930603, 0.18942657113075256, 0.20091655850410461, 0.3832164406776428, 0.8625442981719971, 1.1962847709655762, 1.0831328630447388]], "sfx.logattacktime.mean": [0.5792939066886902], "lowlevel.hfc.mean": [0.46576276421546936]}