{"lowlevel.dissonance.mean": [0.2249741554260254], "sfx.inharmonicity.mean": [0.35939139127731323], "lowlevel.spectral_contrast.mean": [[0.5277655124664307, 1.0909656286239624, 0.7969760894775391, 0.8195691108703613, 0.34806251525878906, 0.48775482177734375]], "lowlevel.spectral_centroid.mean": [0.3784666657447815], "lowlevel.mfcc.mean": [[0.29698634147644043, 0.5057673454284668, 0.1691943109035492, -0.22801178693771362, 0.10301545262336731, 0.3012632727622986, 0.3683003783226013, 0.09504267573356628, 0.009900331497192383, 0.05039897561073303, 0.2507190406322479, 0.36665886640548706, 0.3647427558898926]], "sfx.logattacktime.mean": [0.4274245500564575], "lowlevel.hfc.mean": [0.46535566449165344]}